{
  "global": {
    "sent": 2341,
    "received": 2341,
    "lost": 0,
    "loss_rate_percent": 0.0,
    "throughput": {
      "duration_sec": 29.920279,
      "packet_rate_pps": 78.24124902043862,
      "goodput_mbps": 0.6259299921635089
    },
    "latency": {
      "min_us": 15541,
      "avg_us": 21105.29517300299,
      "max_us": 31023,
      "jitter_us": 1791.4707920880255,
      "p50_us": 20745,
      "p90_us": 23533,
      "p95_us": 24001,
      "p99_us": 26000
    }
  },
  "streams": [
    {
      "stream_id": 4,
      "stream_index": 1,
      "stream_type": "Unreliable",
      "stats": {
        "sent": 1749,
        "received": 1749,
        "lost": 0,
        "loss_rate_percent": 0.0,
        "throughput": {
          "duration_sec": 29.920255,
          "packet_rate_pps": 58.45538415364441,
          "goodput_mbps": 0.4676430732291553
        },
        "latency": {
          "min_us": 15541,
          "avg_us": 21060.23499142367,
          "max_us": 28337,
          "jitter_us": 1804.5245083432021,
          "p50_us": 20654,
          "p90_us": 23423,
          "p95_us": 24001,
          "p99_us": 26124
        }
      }
    },
    {
      "stream_id": 11,
      "stream_index": 2,
      "stream_type": "Reliable",
      "stats": {
        "sent": 592,
        "received": 592,
        "lost": 0,
        "loss_rate_percent": 0.0,
        "throughput": {
          "duration_sec": 29.894001,
          "packet_rate_pps": 19.8033043485882,
          "goodput_mbps": 0.1584264347887056
        },
        "latency": {
          "min_us": 15733,
          "avg_us": 21238.420608108107,
          "max_us": 31023,
          "jitter_us": 1745.5555416836019,
          "p50_us": 20998,
          "p90_us": 23995,
          "p95_us": 24000,
          "p99_us": 25996
        }
      }
    }
  ]
}
