{
  "global": {
    "sent": 2397,
    "received": 2397,
    "lost": 0,
    "loss_rate_percent": 0.0,
    "throughput": {
      "duration_sec": 29.965936,
      "packet_rate_pps": 79.99082691760404,
      "goodput_mbps": 0.6399266153408323
    },
    "latency": {
      "min_us": 15001,
      "avg_us": 20101.572382144346,
      "max_us": 26732,
      "jitter_us": 1412.9904013466423,
      "p50_us": 20089,
      "p90_us": 21852,
      "p95_us": 22459,
      "p99_us": 23453
    }
  },
  "streams": [
    {
      "stream_id": 4,
      "stream_index": 1,
      "stream_type": "Unreliable",
      "stats": {
        "sent": 1798,
        "received": 1798,
        "lost": 0,
        "loss_rate_percent": 0.0,
        "throughput": {
          "duration_sec": 29.965936,
          "packet_rate_pps": 60.00146299451484,
          "goodput_mbps": 0.4800117039561187
        },
        "latency": {
          "min_us": 15001,
          "avg_us": 20117.690767519467,
          "max_us": 26732,
          "jitter_us": 1412.8431389572306,
          "p50_us": 20140,
          "p90_us": 21824,
          "p95_us": 22455,
          "p99_us": 23490
        }
      }
    },
    {
      "stream_id": 11,
      "stream_index": 2,
      "stream_type": "Reliable",
      "stats": {
        "sent": 599,
        "received": 599,
        "lost": 0,
        "loss_rate_percent": 0.0,
        "throughput": {
          "duration_sec": 29.903466,
          "packet_rate_pps": 20.03112281365645,
          "goodput_mbps": 0.1602489825092516
        },
        "latency": {
          "min_us": 15986,
          "avg_us": 20053.190317195327,
          "max_us": 25134,
          "jitter_us": 1412.3279792744565,
          "p50_us": 19990,
          "p90_us": 21896,
          "p95_us": 22461,
          "p99_us": 23169
        }
      }
    }
  ]
}
