{
  "global": {
    "sent": 2395,
    "received": 2395,
    "lost": 0,
    "loss_rate_percent": 0.0,
    "throughput": {
      "duration_sec": 29.948916,
      "packet_rate_pps": 79.96950540714062,
      "goodput_mbps": 0.6397560432571249
    },
    "latency": {
      "min_us": 21260,
      "avg_us": 49916.9745302714,
      "max_us": 66003,
      "jitter_us": 6248.804309958265,
      "p50_us": 49938,
      "p90_us": 58257,
      "p95_us": 59839,
      "p99_us": 62052
    }
  },
  "streams": [
    {
      "stream_id": 4,
      "stream_index": 1,
      "stream_type": "Unreliable",
      "stats": {
        "sent": 1796,
        "received": 1796,
        "lost": 0,
        "loss_rate_percent": 0.0,
        "throughput": {
          "duration_sec": 29.948916,
          "packet_rate_pps": 59.96878150781818,
          "goodput_mbps": 0.47975025206254546
        },
        "latency": {
          "min_us": 21260,
          "avg_us": 49877.39309576838,
          "max_us": 66003,
          "jitter_us": 6309.93877280299,
          "p50_us": 49941,
          "p90_us": 58290,
          "p95_us": 59931,
          "p99_us": 62052
        }
      }
    },
    {
      "stream_id": 11,
      "stream_index": 2,
      "stream_type": "Reliable",
      "stats": {
        "sent": 599,
        "received": 599,
        "lost": 0,
        "loss_rate_percent": 0.0,
        "throughput": {
          "duration_sec": 29.930537,
          "packet_rate_pps": 20.013005446577854,
          "goodput_mbps": 0.16010404357262284
        },
        "latency": {
          "min_us": 31458,
          "avg_us": 50035.652754590985,
          "max_us": 63864,
          "jitter_us": 6060.258991828233,
          "p50_us": 49828,
          "p90_us": 58149,
          "p95_us": 59484,
          "p99_us": 61535
        }
      }
    }
  ]
}
