{
  "global": {
    "sent": 2396,
    "received": 2396,
    "lost": 0,
    "loss_rate_percent": 0.0,
    "throughput": {
      "duration_sec": 29.951074,
      "packet_rate_pps": 79.99713132156798,
      "goodput_mbps": 0.6399770505725437
    },
    "latency": {
      "min_us": 15053,
      "avg_us": 20022.419866444074,
      "max_us": 26842,
      "jitter_us": 1440.4015148721774,
      "p50_us": 20040,
      "p90_us": 21854,
      "p95_us": 22390,
      "p99_us": 23333
    }
  },
  "streams": [
    {
      "stream_id": 4,
      "stream_index": 1,
      "stream_type": "Unreliable",
      "stats": {
        "sent": 1797,
        "received": 1797,
        "lost": 0,
        "loss_rate_percent": 0.0,
        "throughput": {
          "duration_sec": 29.951074,
          "packet_rate_pps": 59.99784849117598,
          "goodput_mbps": 0.4799827879294078
        },
        "latency": {
          "min_us": 15053,
          "avg_us": 20033.945464663328,
          "max_us": 26842,
          "jitter_us": 1445.5984052948274,
          "p50_us": 20064,
          "p90_us": 21863,
          "p95_us": 22391,
          "p99_us": 23351
        }
      }
    },
    {
      "stream_id": 11,
      "stream_index": 2,
      "stream_type": "Reliable",
      "stats": {
        "sent": 599,
        "received": 599,
        "lost": 0,
        "loss_rate_percent": 0.0,
        "throughput": {
          "duration_sec": 29.901552,
          "packet_rate_pps": 20.032405006937434,
          "goodput_mbps": 0.16025924005549946
        },
        "latency": {
          "min_us": 15525,
          "avg_us": 19987.843071786312,
          "max_us": 24509,
          "jitter_us": 1424.1375548168262,
          "p50_us": 19966,
          "p90_us": 21814,
          "p95_us": 22359,
          "p99_us": 23272
        }
      }
    }
  ]
}
