{
  "global": {
    "sent": 2396,
    "received": 2396,
    "lost": 0,
    "loss_rate_percent": 0.0,
    "throughput": {
      "duration_sec": 29.958923,
      "packet_rate_pps": 79.97617270821118,
      "goodput_mbps": 0.6398093816656893
    },
    "latency": {
      "min_us": 15110,
      "avg_us": 20046.013772954924,
      "max_us": 26131,
      "jitter_us": 1467.8225907754,
      "p50_us": 20045,
      "p90_us": 21901,
      "p95_us": 22491,
      "p99_us": 23535
    }
  },
  "streams": [
    {
      "stream_id": 4,
      "stream_index": 1,
      "stream_type": "Unreliable",
      "stats": {
        "sent": 1797,
        "received": 1797,
        "lost": 0,
        "loss_rate_percent": 0.0,
        "throughput": {
          "duration_sec": 29.958923,
          "packet_rate_pps": 59.982129531158385,
          "goodput_mbps": 0.479857036249267
        },
        "latency": {
          "min_us": 15110,
          "avg_us": 20035.734001112967,
          "max_us": 24967,
          "jitter_us": 1471.711230108039,
          "p50_us": 20026,
          "p90_us": 21929,
          "p95_us": 22531,
          "p99_us": 23570
        }
      }
    },
    {
      "stream_id": 11,
      "stream_index": 2,
      "stream_type": "Reliable",
      "stats": {
        "sent": 599,
        "received": 599,
        "lost": 0,
        "loss_rate_percent": 0.0,
        "throughput": {
          "duration_sec": 29.904822,
          "packet_rate_pps": 20.03021452526954,
          "goodput_mbps": 0.1602417162021563
        },
        "latency": {
          "min_us": 15804,
          "avg_us": 20076.853088480802,
          "max_us": 26131,
          "jitter_us": 1455.6588587215763,
          "p50_us": 20088,
          "p90_us": 21841,
          "p95_us": 22343,
          "p99_us": 23320
        }
      }
    }
  ]
}
