{
  "global": {
    "sent": 2399,
    "received": 2399,
    "lost": 0,
    "loss_rate_percent": 0.0,
    "throughput": {
      "duration_sec": 29.982574,
      "packet_rate_pps": 80.01314363469928,
      "goodput_mbps": 0.6401051490775942
    },
    "latency": {
      "min_us": 4530,
      "avg_us": 10096.315131304711,
      "max_us": 23755,
      "jitter_us": 1506.7278966238957,
      "p50_us": 10133,
      "p90_us": 11892,
      "p95_us": 12400,
      "p99_us": 13502
    }
  },
  "streams": [
    {
      "stream_id": 4,
      "stream_index": 1,
      "stream_type": "Unreliable",
      "stats": {
        "sent": 1799,
        "received": 1799,
        "lost": 0,
        "loss_rate_percent": 0.0,
        "throughput": {
          "duration_sec": 29.968544,
          "packet_rate_pps": 60.02960971343819,
          "goodput_mbps": 0.48023687770750556
        },
        "latency": {
          "min_us": 4530,
          "avg_us": 10073.542523624235,
          "max_us": 15758,
          "jitter_us": 1441.2155773739146,
          "p50_us": 10106,
          "p90_us": 11876,
          "p95_us": 12403,
          "p99_us": 13502
        }
      }
    },
    {
      "stream_id": 11,
      "stream_index": 2,
      "stream_type": "Reliable",
      "stats": {
        "sent": 600,
        "received": 600,
        "lost": 0,
        "loss_rate_percent": 0.0,
        "throughput": {
          "duration_sec": 29.948294,
          "packet_rate_pps": 20.034530180583907,
          "goodput_mbps": 0.16027624144467129
        },
        "latency": {
          "min_us": 4626,
          "avg_us": 10164.595,
          "max_us": 23755,
          "jitter_us": 1686.1405242866524,
          "p50_us": 10199,
          "p90_us": 11899,
          "p95_us": 12395,
          "p99_us": 13467
        }
      }
    }
  ]
}
