{
  "global": {
    "sent": 2398,
    "received": 2398,
    "lost": 0,
    "loss_rate_percent": 0.0,
    "throughput": {
      "duration_sec": 29.967636,
      "packet_rate_pps": 80.01965854096733,
      "goodput_mbps": 0.6401572683277387
    },
    "latency": {
      "min_us": 5958,
      "avg_us": 13383.37614678899,
      "max_us": 25433,
      "jitter_us": 4415.035059310849,
      "p50_us": 11739,
      "p90_us": 20393,
      "p95_us": 21618,
      "p99_us": 23340
    }
  },
  "streams": [
    {
      "stream_id": 4,
      "stream_index": 1,
      "stream_type": "Unreliable",
      "stats": {
        "sent": 1799,
        "received": 1799,
        "lost": 0,
        "loss_rate_percent": 0.0,
        "throughput": {
          "duration_sec": 29.967636,
          "packet_rate_pps": 60.03142857180994,
          "goodput_mbps": 0.4802514285744795
        },
        "latency": {
          "min_us": 5958,
          "avg_us": 12753.474708171207,
          "max_us": 24334,
          "jitter_us": 3880.785997747215,
          "p50_us": 11557,
          "p90_us": 19142,
          "p95_us": 20688,
          "p99_us": 22760
        }
      }
    },
    {
      "stream_id": 11,
      "stream_index": 2,
      "stream_type": "Reliable",
      "stats": {
        "sent": 599,
        "received": 599,
        "lost": 0,
        "loss_rate_percent": 0.0,
        "throughput": {
          "duration_sec": 29.889651,
          "packet_rate_pps": 20.040381200837707,
          "goodput_mbps": 0.16032304960670166
        },
        "latency": {
          "min_us": 6374,
          "avg_us": 15275.183639398998,
          "max_us": 25433,
          "jitter_us": 5294.6056208938535,
          "p50_us": 16665,
          "p90_us": 21725,
          "p95_us": 22628,
          "p99_us": 23961
        }
      }
    }
  ]
}
