{
  "global": {
    "sent": 2383,
    "received": 2383,
    "lost": 0,
    "loss_rate_percent": 0.0,
    "throughput": {
      "duration_sec": 29.796882,
      "packet_rate_pps": 79.97481078724948,
      "goodput_mbps": 0.6397984862979958
    },
    "latency": {
      "min_us": 22,
      "avg_us": 47476.771716323965,
      "max_us": 433552,
      "jitter_us": 74832.35737343993,
      "p50_us": 16631,
      "p90_us": 170125,
      "p95_us": 207817,
      "p99_us": 316687
    }
  },
  "streams": [
    {
      "stream_id": 4,
      "stream_index": 1,
      "stream_type": "Unreliable",
      "stats": {
        "sent": 1787,
        "received": 1787,
        "lost": 0,
        "loss_rate_percent": 0.0,
        "throughput": {
          "duration_sec": 29.796882,
          "packet_rate_pps": 59.97271795082452,
          "goodput_mbps": 0.47978174360659614
        },
        "latency": {
          "min_us": 22,
          "avg_us": 47112.14997202015,
          "max_us": 433552,
          "jitter_us": 74421.93106765457,
          "p50_us": 16686,
          "p90_us": 169772,
          "p95_us": 204021,
          "p99_us": 316687
        }
      }
    },
    {
      "stream_id": 11,
      "stream_index": 2,
      "stream_type": "Reliable",
      "stats": {
        "sent": 596,
        "received": 596,
        "lost": 0,
        "loss_rate_percent": 0.0,
        "throughput": {
          "duration_sec": 29.763531,
          "packet_rate_pps": 20.024505828962297,
          "goodput_mbps": 0.16019604663169837
        },
        "latency": {
          "min_us": 23,
          "avg_us": 48570.025167785236,
          "max_us": 429555,
          "jitter_us": 76039.19226274594,
          "p50_us": 12869,
          "p90_us": 172985,
          "p95_us": 211991,
          "p99_us": 299980
        }
      }
    }
  ]
}
