{
  "global": {
    "sent": 2398,
    "received": 2398,
    "lost": 0,
    "loss_rate_percent": 0.0,
    "throughput": {
      "duration_sec": 29.976751,
      "packet_rate_pps": 79.99532704528252,
      "goodput_mbps": 0.6399626163622603
    },
    "latency": {
      "min_us": 20,
      "avg_us": 37.07798165137615,
      "max_us": 2427,
      "jitter_us": 85.43397144477728,
      "p50_us": 29,
      "p90_us": 44,
      "p95_us": 53,
      "p99_us": 94
    }
  },
  "streams": [
    {
      "stream_id": 4,
      "stream_index": 1,
      "stream_type": "Unreliable",
      "stats": {
        "sent": 1799,
        "received": 1799,
        "lost": 0,
        "loss_rate_percent": 0.0,
        "throughput": {
          "duration_sec": 29.976751,
          "packet_rate_pps": 60.01317487675699,
          "goodput_mbps": 0.4801053990140559
        },
        "latency": {
          "min_us": 22,
          "avg_us": 37.856586992773764,
          "max_us": 2289,
          "jitter_us": 80.12000101933029,
          "p50_us": 30,
          "p90_us": 46,
          "p95_us": 57,
          "p99_us": 103
        }
      }
    },
    {
      "stream_id": 11,
      "stream_index": 2,
      "stream_type": "Reliable",
      "stats": {
        "sent": 599,
        "received": 599,
        "lost": 0,
        "loss_rate_percent": 0.0,
        "throughput": {
          "duration_sec": 29.907887,
          "packet_rate_pps": 20.02816180226975,
          "goodput_mbps": 0.160225294418158
        },
        "latency": {
          "min_us": 20,
          "avg_us": 34.73956594323873,
          "max_us": 2427,
          "jitter_us": 99.66874494214564,
          "p50_us": 28,
          "p90_us": 36,
          "p95_us": 46,
          "p99_us": 83
        }
      }
    }
  ]
}
