{
  "global": {
    "sent": 2397,
    "received": 2397,
    "lost": 0,
    "loss_rate_percent": 0.0,
    "throughput": {
      "duration_sec": 29.978305,
      "packet_rate_pps": 79.95782283221149,
      "goodput_mbps": 0.6396625826576919
    },
    "latency": {
      "min_us": 43,
      "avg_us": 1889.4576554025866,
      "max_us": 9171,
      "jitter_us": 1471.5318530553582,
      "p50_us": 1882,
      "p90_us": 3931,
      "p95_us": 4412,
      "p99_us": 5683
    }
  },
  "streams": [
    {
      "stream_id": 4,
      "stream_index": 1,
      "stream_type": "Unreliable",
      "stats": {
        "sent": 1798,
        "received": 1798,
        "lost": 0,
        "loss_rate_percent": 0.0,
        "throughput": {
          "duration_sec": 29.978305,
          "packet_rate_pps": 59.97670648824208,
          "goodput_mbps": 0.47981365190593667
        },
        "latency": {
          "min_us": 43,
          "avg_us": 1835.0194660734148,
          "max_us": 8173,
          "jitter_us": 1415.1994243333017,
          "p50_us": 1824,
          "p90_us": 3784,
          "p95_us": 4207,
          "p99_us": 5602
        }
      }
    },
    {
      "stream_id": 11,
      "stream_index": 2,
      "stream_type": "Reliable",
      "stats": {
        "sent": 599,
        "received": 599,
        "lost": 0,
        "loss_rate_percent": 0.0,
        "throughput": {
          "duration_sec": 29.901444,
          "packet_rate_pps": 20.03247736129399,
          "goodput_mbps": 0.16025981889035193
        },
        "latency": {
          "min_us": 44,
          "avg_us": 2052.8631051752923,
          "max_us": 9171,
          "jitter_us": 1618.0019742278998,
          "p50_us": 1939,
          "p90_us": 4061,
          "p95_us": 4637,
          "p99_us": 6455
        }
      }
    }
  ]
}
