{
  "global": {
    "sent": 2373,
    "received": 2373,
    "lost": 0,
    "loss_rate_percent": 0.0,
    "throughput": {
      "duration_sec": 29.97295,
      "packet_rate_pps": 79.17138619989024,
      "goodput_mbps": 0.6333710895991219
    },
    "latency": {
      "min_us": 45,
      "avg_us": 2176.277707543194,
      "max_us": 9931,
      "jitter_us": 1520.280957741785,
      "p50_us": 2232,
      "p90_us": 3999,
      "p95_us": 4001,
      "p99_us": 5531
    }
  },
  "streams": [
    {
      "stream_id": 4,
      "stream_index": 1,
      "stream_type": "Unreliable",
      "stats": {
        "sent": 1777,
        "received": 1777,
        "lost": 0,
        "loss_rate_percent": 0.0,
        "throughput": {
          "duration_sec": 29.97295,
          "packet_rate_pps": 59.28679025588072,
          "goodput_mbps": 0.47429432204704575
        },
        "latency": {
          "min_us": 45,
          "avg_us": 2123.986494091165,
          "max_us": 9931,
          "jitter_us": 1491.298299373037,
          "p50_us": 2262,
          "p90_us": 3999,
          "p95_us": 4000,
          "p99_us": 5531
        }
      }
    },
    {
      "stream_id": 11,
      "stream_index": 2,
      "stream_type": "Reliable",
      "stats": {
        "sent": 596,
        "received": 596,
        "lost": 0,
        "loss_rate_percent": 0.0,
        "throughput": {
          "duration_sec": 29.915876,
          "packet_rate_pps": 19.92253210302115,
          "goodput_mbps": 0.1593802568241692
        },
        "latency": {
          "min_us": 47,
          "avg_us": 2332.1862416107383,
          "max_us": 8362,
          "jitter_us": 1593.4346089180901,
          "p50_us": 2045,
          "p90_us": 4000,
          "p95_us": 4340,
          "p99_us": 5386
        }
      }
    }
  ]
}
