{
  "global": {
    "sent": 2398,
    "received": 2398,
    "lost": 0,
    "loss_rate_percent": 0.0,
    "throughput": {
      "duration_sec": 29.981287,
      "packet_rate_pps": 79.98322420248337,
      "goodput_mbps": 0.639865793619867
    },
    "latency": {
      "min_us": 12,
      "avg_us": 62.61968306922435,
      "max_us": 4000,
      "jitter_us": 272.3771556292063,
      "p50_us": 23,
      "p90_us": 39,
      "p95_us": 67,
      "p99_us": 1487
    }
  },
  "streams": [
    {
      "stream_id": 4,
      "stream_index": 1,
      "stream_type": "Unreliable",
      "stats": {
        "sent": 1799,
        "received": 1799,
        "lost": 0,
        "loss_rate_percent": 0.0,
        "throughput": {
          "duration_sec": 29.981287,
          "packet_rate_pps": 60.004095221129106,
          "goodput_mbps": 0.4800327617690328
        },
        "latency": {
          "min_us": 13,
          "avg_us": 62.65369649805447,
          "max_us": 4000,
          "jitter_us": 262.37153054501294,
          "p50_us": 23,
          "p90_us": 39,
          "p95_us": 70,
          "p99_us": 1434
        }
      }
    },
    {
      "stream_id": 11,
      "stream_index": 2,
      "stream_type": "Reliable",
      "stats": {
        "sent": 599,
        "received": 599,
        "lost": 0,
        "loss_rate_percent": 0.0,
        "throughput": {
          "duration_sec": 29.90354,
          "packet_rate_pps": 20.031073244171093,
          "goodput_mbps": 0.16024858595336874
        },
        "latency": {
          "min_us": 12,
          "avg_us": 62.517529215358934,
          "max_us": 3788,
          "jitter_us": 300.4307746561698,
          "p50_us": 23,
          "p90_us": 38,
          "p95_us": 61,
          "p99_us": 1643
        }
      }
    }
  ]
}
