{
  "global": {
    "sent": 2363,
    "received": 2363,
    "lost": 0,
    "loss_rate_percent": 0.0,
    "throughput": {
      "duration_sec": 29.956527,
      "packet_rate_pps": 78.8809730847638,
      "goodput_mbps": 0.6310477846781104
    },
    "latency": {
      "min_us": 5906,
      "avg_us": 12095.035548032163,
      "max_us": 21060,
      "jitter_us": 2195.0090414216893,
      "p50_us": 11964,
      "p90_us": 15139,
      "p95_us": 16104,
      "p99_us": 17814
    }
  },
  "streams": [
    {
      "stream_id": 4,
      "stream_index": 1,
      "stream_type": "Unreliable",
      "stats": {
        "sent": 1768,
        "received": 1768,
        "lost": 0,
        "loss_rate_percent": 0.0,
        "throughput": {
          "duration_sec": 29.956527,
          "packet_rate_pps": 59.01885755982327,
          "goodput_mbps": 0.4721508604785862
        },
        "latency": {
          "min_us": 5906,
          "avg_us": 11987.60294117647,
          "max_us": 21060,
          "jitter_us": 2134.7296772268332,
          "p50_us": 11744,
          "p90_us": 14947,
          "p95_us": 15921,
          "p99_us": 17655
        }
      }
    },
    {
      "stream_id": 11,
      "stream_index": 2,
      "stream_type": "Reliable",
      "stats": {
        "sent": 595,
        "received": 595,
        "lost": 0,
        "loss_rate_percent": 0.0,
        "throughput": {
          "duration_sec": 29.90459,
          "packet_rate_pps": 19.89661118911846,
          "goodput_mbps": 0.15917288951294767
        },
        "latency": {
          "min_us": 6679,
          "avg_us": 12414.263865546218,
          "max_us": 20921,
          "jitter_us": 2336.105127272549,
          "p50_us": 12000,
          "p90_us": 15716,
          "p95_us": 16606,
          "p99_us": 17914
        }
      }
    }
  ]
}
