{
  "global": {
    "sent": 2396,
    "received": 2396,
    "lost": 0,
    "loss_rate_percent": 0.0,
    "throughput": {
      "duration_sec": 29.947705,
      "packet_rate_pps": 80.00613068680889,
      "goodput_mbps": 0.6400490454944711
    },
    "latency": {
      "min_us": 7076,
      "avg_us": 13842.47245409015,
      "max_us": 21090,
      "jitter_us": 2011.0298036356917,
      "p50_us": 13900,
      "p90_us": 16408,
      "p95_us": 17078,
      "p99_us": 18395
    }
  },
  "streams": [
    {
      "stream_id": 4,
      "stream_index": 1,
      "stream_type": "Unreliable",
      "stats": {
        "sent": 1797,
        "received": 1797,
        "lost": 0,
        "loss_rate_percent": 0.0,
        "throughput": {
          "duration_sec": 29.947705,
          "packet_rate_pps": 60.004598015106666,
          "goodput_mbps": 0.4800367841208533
        },
        "latency": {
          "min_us": 7076,
          "avg_us": 13782.983305509182,
          "max_us": 19925,
          "jitter_us": 1963.4903049915642,
          "p50_us": 13884,
          "p90_us": 16281,
          "p95_us": 16932,
          "p99_us": 17988
        }
      }
    },
    {
      "stream_id": 11,
      "stream_index": 2,
      "stream_type": "Reliable",
      "stats": {
        "sent": 599,
        "received": 599,
        "lost": 0,
        "loss_rate_percent": 0.0,
        "throughput": {
          "duration_sec": 29.907564,
          "packet_rate_pps": 20.02837810528467,
          "goodput_mbps": 0.16022702484227735
        },
        "latency": {
          "min_us": 7919,
          "avg_us": 14020.939899833054,
          "max_us": 21090,
          "jitter_us": 2137.4315066148365,
          "p50_us": 13914,
          "p90_us": 16802,
          "p95_us": 17494,
          "p99_us": 19075
        }
      }
    }
  ]
}
