{
  "global": {
    "sent": 2398,
    "received": 2398,
    "lost": 0,
    "loss_rate_percent": 0.0,
    "throughput": {
      "duration_sec": 29.969579,
      "packet_rate_pps": 80.01447067374554,
      "goodput_mbps": 0.6401157653899643
    },
    "latency": {
      "min_us": 4105,
      "avg_us": 10053.888657214346,
      "max_us": 15631,
      "jitter_us": 1442.7086535676601,
      "p50_us": 10088,
      "p90_us": 11918,
      "p95_us": 12413,
      "p99_us": 13311
    }
  },
  "streams": [
    {
      "stream_id": 4,
      "stream_index": 1,
      "stream_type": "Unreliable",
      "stats": {
        "sent": 1799,
        "received": 1799,
        "lost": 0,
        "loss_rate_percent": 0.0,
        "throughput": {
          "duration_sec": 29.969579,
          "packet_rate_pps": 60.0275365896865,
          "goodput_mbps": 0.48022029271749195
        },
        "latency": {
          "min_us": 4105,
          "avg_us": 10073.439132851585,
          "max_us": 15161,
          "jitter_us": 1434.3574198715423,
          "p50_us": 10097,
          "p90_us": 11932,
          "p95_us": 12429,
          "p99_us": 13389
        }
      }
    },
    {
      "stream_id": 11,
      "stream_index": 2,
      "stream_type": "Reliable",
      "stats": {
        "sent": 599,
        "received": 599,
        "lost": 0,
        "loss_rate_percent": 0.0,
        "throughput": {
          "duration_sec": 29.899505,
          "packet_rate_pps": 20.033776478908262,
          "goodput_mbps": 0.1602702118312661
        },
        "latency": {
          "min_us": 6299,
          "avg_us": 9995.171953255425,
          "max_us": 15631,
          "jitter_us": 1465.9379405545408,
          "p50_us": 10061,
          "p90_us": 11900,
          "p95_us": 12369,
          "p99_us": 13206
        }
      }
    }
  ]
}
