{
  "global": {
    "sent": 2381,
    "received": 2381,
    "lost": 0,
    "loss_rate_percent": 0.0,
    "throughput": {
      "duration_sec": 29.766492,
      "packet_rate_pps": 79.98927115764934,
      "goodput_mbps": 0.6399141692611948
    },
    "latency": {
      "min_us": 24,
      "avg_us": 131477.73414531708,
      "max_us": 650126,
      "jitter_us": 126734.52648524138,
      "p50_us": 102101,
      "p90_us": 318994,
      "p95_us": 395984,
      "p99_us": 498898
    }
  },
  "streams": [
    {
      "stream_id": 4,
      "stream_index": 1,
      "stream_type": "Unreliable",
      "stats": {
        "sent": 1786,
        "received": 1786,
        "lost": 0,
        "loss_rate_percent": 0.0,
        "throughput": {
          "duration_sec": 29.766492,
          "packet_rate_pps": 60.000352073734454,
          "goodput_mbps": 0.48000281658987565
        },
        "latency": {
          "min_us": 24,
          "avg_us": 131520.01623740201,
          "max_us": 650126,
          "jitter_us": 126678.93759130289,
          "p50_us": 100605,
          "p90_us": 319958,
          "p95_us": 396279,
          "p99_us": 498898
        }
      }
    },
    {
      "stream_id": 11,
      "stream_index": 2,
      "stream_type": "Reliable",
      "stats": {
        "sent": 595,
        "received": 595,
        "lost": 0,
        "loss_rate_percent": 0.0,
        "throughput": {
          "duration_sec": 29.503006,
          "packet_rate_pps": 20.167436497826696,
          "goodput_mbps": 0.16133949198261358
        },
        "latency": {
          "min_us": 24,
          "avg_us": 131350.8168067227,
          "max_us": 641021,
          "jitter_us": 126901.15573632564,
          "p50_us": 109151,
          "p90_us": 315069,
          "p95_us": 386627,
          "p99_us": 491022
        }
      }
    }
  ]
}
