{
  "global": {
    "sent": 2392,
    "received": 2392,
    "lost": 0,
    "loss_rate_percent": 0.0,
    "throughput": {
      "duration_sec": 29.923739,
      "packet_rate_pps": 79.93653466901311,
      "goodput_mbps": 0.639492277352105
    },
    "latency": {
      "min_us": 24,
      "avg_us": 190658.20234113713,
      "max_us": 1131830,
      "jitter_us": 190018.43184653315,
      "p50_us": 150030,
      "p90_us": 437218,
      "p95_us": 553583,
      "p99_us": 861281
    }
  },
  "streams": [
    {
      "stream_id": 4,
      "stream_index": 1,
      "stream_type": "Unreliable",
      "stats": {
        "sent": 1794,
        "received": 1794,
        "lost": 0,
        "loss_rate_percent": 0.0,
        "throughput": {
          "duration_sec": 29.923739,
          "packet_rate_pps": 59.95240100175984,
          "goodput_mbps": 0.4796192080140787
        },
        "latency": {
          "min_us": 26,
          "avg_us": 192151.67056856188,
          "max_us": 1131830,
          "jitter_us": 190540.45040693818,
          "p50_us": 150036,
          "p90_us": 439571,
          "p95_us": 556706,
          "p99_us": 865188
        }
      }
    },
    {
      "stream_id": 11,
      "stream_index": 2,
      "stream_type": "Reliable",
      "stats": {
        "sent": 598,
        "received": 598,
        "lost": 0,
        "loss_rate_percent": 0.0,
        "throughput": {
          "duration_sec": 29.873741,
          "packet_rate_pps": 20.01757998772233,
          "goodput_mbps": 0.16014063990177863
        },
        "latency": {
          "min_us": 24,
          "avg_us": 186177.79765886287,
          "max_us": 1108949,
          "jitter_us": 188372.6696569058,
          "p50_us": 145005,
          "p90_us": 429682,
          "p95_us": 528859,
          "p99_us": 853003
        }
      }
    }
  ]
}
