{
  "global": {
    "sent": 2334,
    "received": 2334,
    "lost": 0,
    "loss_rate_percent": 0.0,
    "throughput": {
      "duration_sec": 29.801067,
      "packet_rate_pps": 78.31934339800652,
      "goodput_mbps": 0.6265547471840521
    },
    "latency": {
      "min_us": 35199,
      "avg_us": 61484.78491859469,
      "max_us": 140999,
      "jitter_us": 7510.090268017707,
      "p50_us": 61330,
      "p90_us": 71000,
      "p95_us": 73198,
      "p99_us": 78000
    }
  },
  "streams": [
    {
      "stream_id": 4,
      "stream_index": 1,
      "stream_type": "Unreliable",
      "stats": {
        "sent": 1743,
        "received": 1743,
        "lost": 0,
        "loss_rate_percent": 0.0,
        "throughput": {
          "duration_sec": 29.793067,
          "packet_rate_pps": 58.50354379426596,
          "goodput_mbps": 0.4680283503541277
        },
        "latency": {
          "min_us": 35199,
          "avg_us": 61353.58691910499,
          "max_us": 85183,
          "jitter_us": 7210.48964873511,
          "p50_us": 61330,
          "p90_us": 70678,
          "p95_us": 72948,
          "p99_us": 77002
        }
      }
    },
    {
      "stream_id": 11,
      "stream_index": 2,
      "stream_type": "Reliable",
      "stats": {
        "sent": 591,
        "received": 591,
        "lost": 0,
        "loss_rate_percent": 0.0,
        "throughput": {
          "duration_sec": 29.763,
          "packet_rate_pps": 19.856869267210964,
          "goodput_mbps": 0.15885495413768774
        },
        "latency": {
          "min_us": 41002,
          "avg_us": 61871.71912013536,
          "max_us": 140999,
          "jitter_us": 8319.13363918112,
          "p50_us": 61375,
          "p90_us": 71995,
          "p95_us": 74653,
          "p99_us": 80108
        }
      }
    }
  ]
}
