{
  "global": {
    "sent": 2386,
    "received": 2386,
    "lost": 0,
    "loss_rate_percent": 0.0,
    "throughput": {
      "duration_sec": 29.899233,
      "packet_rate_pps": 79.80137818251058,
      "goodput_mbps": 0.6384110254600845
    },
    "latency": {
      "min_us": 68030,
      "avg_us": 150318.26068734284,
      "max_us": 200981,
      "jitter_us": 20309.81730782074,
      "p50_us": 149551,
      "p90_us": 177570,
      "p95_us": 182963,
      "p99_us": 193726
    }
  },
  "streams": [
    {
      "stream_id": 4,
      "stream_index": 1,
      "stream_type": "Unreliable",
      "stats": {
        "sent": 1789,
        "received": 1789,
        "lost": 0,
        "loss_rate_percent": 0.0,
        "throughput": {
          "duration_sec": 29.899233,
          "packet_rate_pps": 59.83431079987905,
          "goodput_mbps": 0.4786744863990324
        },
        "latency": {
          "min_us": 68030,
          "avg_us": 150134.1553940749,
          "max_us": 200765,
          "jitter_us": 20308.81391742757,
          "p50_us": 149554,
          "p90_us": 177466,
          "p95_us": 182411,
          "p99_us": 194038
        }
      }
    },
    {
      "stream_id": 11,
      "stream_index": 2,
      "stream_type": "Reliable",
      "stats": {
        "sent": 597,
        "received": 597,
        "lost": 0,
        "loss_rate_percent": 0.0,
        "throughput": {
          "duration_sec": 29.842366,
          "packet_rate_pps": 20.005116216321454,
          "goodput_mbps": 0.16004092973057163
        },
        "latency": {
          "min_us": 97171,
          "avg_us": 150869.95979899497,
          "max_us": 200981,
          "jitter_us": 20302.829087011676,
          "p50_us": 149551,
          "p90_us": 177733,
          "p95_us": 185696,
          "p99_us": 192174
        }
      }
    }
  ]
}
