{
  "global": {
    "sent": 2391,
    "received": 2391,
    "lost": 0,
    "loss_rate_percent": 0.0,
    "throughput": {
      "duration_sec": 29.874185,
      "packet_rate_pps": 80.03565620283867,
      "goodput_mbps": 0.6402852496227094
    },
    "latency": {
      "min_us": 50014,
      "avg_us": 100142.45964031786,
      "max_us": 146875,
      "jitter_us": 13966.259530820991,
      "p50_us": 100601,
      "p90_us": 117874,
      "p95_us": 122971,
      "p99_us": 130789
    }
  },
  "streams": [
    {
      "stream_id": 4,
      "stream_index": 1,
      "stream_type": "Unreliable",
      "stats": {
        "sent": 1794,
        "received": 1794,
        "lost": 0,
        "loss_rate_percent": 0.0,
        "throughput": {
          "duration_sec": 29.874185,
          "packet_rate_pps": 60.05184743952011,
          "goodput_mbps": 0.48041477951616085
        },
        "latency": {
          "min_us": 50014,
          "avg_us": 100363.9375696767,
          "max_us": 146875,
          "jitter_us": 13995.52169708521,
          "p50_us": 100785,
          "p90_us": 117997,
          "p95_us": 123221,
          "p99_us": 130761
        }
      }
    },
    {
      "stream_id": 11,
      "stream_index": 2,
      "stream_type": "Reliable",
      "stats": {
        "sent": 597,
        "received": 597,
        "lost": 0,
        "loss_rate_percent": 0.0,
        "throughput": {
          "duration_sec": 29.795639,
          "packet_rate_pps": 20.036489232535,
          "goodput_mbps": 0.16029191386028002
        },
        "latency": {
          "min_us": 53028,
          "avg_us": 99476.91289782245,
          "max_us": 133807,
          "jitter_us": 13856.668804498877,
          "p50_us": 99686,
          "p90_us": 117307,
          "p95_us": 121888,
          "p99_us": 130789
        }
      }
    }
  ]
}
