{
  "global": {
    "sent": 2391,
    "received": 2311,
    "lost": 80,
    "loss_rate_percent": 3.3458803847762444,
    "throughput": {
      "duration_sec": 29.984721,
      "packet_rate_pps": 77.07258640158766,
      "goodput_mbps": 0.6165806912127013
    },
    "latency": {
      "min_us": 39,
      "avg_us": 2171.897014279533,
      "max_us": 55442,
      "jitter_us": 3632.610817640701,
      "p50_us": 1575,
      "p90_us": 4159,
      "p95_us": 5103,
      "p99_us": 19616
    }
  },
  "streams": [
    {
      "stream_id": 4,
      "stream_index": 1,
      "stream_type": "Unreliable",
      "stats": {
        "sent": 1792,
        "received": 1712,
        "lost": 80,
        "loss_rate_percent": 4.464285714285714,
        "throughput": {
          "duration_sec": 29.984721,
          "packet_rate_pps": 57.09574552986503,
          "goodput_mbps": 0.45676596423892024
        },
        "latency": {
          "min_us": 39,
          "avg_us": 1759.196261682243,
          "max_us": 8666,
          "jitter_us": 1591.6321183823854,
          "p50_us": 1525,
          "p90_us": 3999,
          "p95_us": 4781,
          "p99_us": 5806
        }
      }
    },
    {
      "stream_id": 11,
      "stream_index": 2,
      "stream_type": "Reliable",
      "stats": {
        "sent": 599,
        "received": 599,
        "lost": 0,
        "loss_rate_percent": 0.0,
        "throughput": {
          "duration_sec": 29.947043,
          "packet_rate_pps": 20.001974819350277,
          "goodput_mbps": 0.16001579855480222
        },
        "latency": {
          "min_us": 47,
          "avg_us": 3351.4357262103504,
          "max_us": 55442,
          "jitter_us": 6464.704681821465,
          "p50_us": 1688,
          "p90_us": 5159,
          "p95_us": 19003,
          "p99_us": 36999
        }
      }
    }
  ]
}
