{
  "global": {
    "sent": 2398,
    "received": 2328,
    "lost": 70,
    "loss_rate_percent": 2.9190992493744785,
    "throughput": {
      "duration_sec": 29.970674,
      "packet_rate_pps": 77.675930811566,
      "goodput_mbps": 0.621407446492528
    },
    "latency": {
      "min_us": 32,
      "avg_us": 419.77749140893474,
      "max_us": 80381,
      "jitter_us": 2888.950827162242,
      "p50_us": 74,
      "p90_us": 229,
      "p95_us": 289,
      "p99_us": 15070
    }
  },
  "streams": [
    {
      "stream_id": 4,
      "stream_index": 1,
      "stream_type": "Unreliable",
      "stats": {
        "sent": 1799,
        "received": 1729,
        "lost": 70,
        "loss_rate_percent": 3.8910505836575875,
        "throughput": {
          "duration_sec": 29.970674,
          "packet_rate_pps": 57.68972696443197,
          "goodput_mbps": 0.4615178157154557
        },
        "latency": {
          "min_us": 32,
          "avg_us": 237.1688837478311,
          "max_us": 46780,
          "jitter_us": 1603.184543873665,
          "p50_us": 79,
          "p90_us": 235,
          "p95_us": 280,
          "p99_us": 1474
        }
      }
    },
    {
      "stream_id": 11,
      "stream_index": 2,
      "stream_type": "Reliable",
      "stats": {
        "sent": 599,
        "received": 599,
        "lost": 0,
        "loss_rate_percent": 0.0,
        "throughput": {
          "duration_sec": 29.904438,
          "packet_rate_pps": 20.03047173131961,
          "goodput_mbps": 0.1602437738505569
        },
        "latency": {
          "min_us": 34,
          "avg_us": 946.873121869783,
          "max_us": 80381,
          "jitter_us": 4964.249781899636,
          "p50_us": 64,
          "p90_us": 189,
          "p95_us": 627,
          "p99_us": 25197
        }
      }
    }
  ]
}
