{
  "global": {
    "sent": 2399,
    "received": 2336,
    "lost": 63,
    "loss_rate_percent": 2.626094205919133,
    "throughput": {
      "duration_sec": 29.984132,
      "packet_rate_pps": 77.90787473854505,
      "goodput_mbps": 0.6232629979083604
    },
    "latency": {
      "min_us": 33,
      "avg_us": 153.86044520547946,
      "max_us": 25902,
      "jitter_us": 878.3811976981661,
      "p50_us": 53,
      "p90_us": 124,
      "p95_us": 198,
      "p99_us": 1965
    }
  },
  "streams": [
    {
      "stream_id": 4,
      "stream_index": 1,
      "stream_type": "Unreliable",
      "stats": {
        "sent": 1799,
        "received": 1736,
        "lost": 63,
        "loss_rate_percent": 3.501945525291829,
        "throughput": {
          "duration_sec": 29.976504,
          "packet_rate_pps": 57.91202336336486,
          "goodput_mbps": 0.4632961869069188
        },
        "latency": {
          "min_us": 33,
          "avg_us": 95.78571428571429,
          "max_us": 4603,
          "jitter_us": 247.70137537514532,
          "p50_us": 52,
          "p90_us": 115,
          "p95_us": 169,
          "p99_us": 1339
        }
      }
    },
    {
      "stream_id": 11,
      "stream_index": 2,
      "stream_type": "Reliable",
      "stats": {
        "sent": 600,
        "received": 600,
        "lost": 0,
        "loss_rate_percent": 0.0,
        "throughput": {
          "duration_sec": 29.951545,
          "packet_rate_pps": 20.032355593008642,
          "goodput_mbps": 0.16025884474406912
        },
        "latency": {
          "min_us": 35,
          "avg_us": 321.89,
          "max_us": 25902,
          "jitter_us": 1669.8501702947285,
          "p50_us": 55,
          "p90_us": 163,
          "p95_us": 290,
          "p99_us": 8997
        }
      }
    }
  ]
}
