{
  "global": {
    "sent": 2397,
    "received": 2397,
    "lost": 0,
    "loss_rate_percent": 0.0,
    "throughput": {
      "duration_sec": 29.968508,
      "packet_rate_pps": 79.98396183086592,
      "goodput_mbps": 0.6398716946469274
    },
    "latency": {
      "min_us": 22,
      "avg_us": 71150.71255736337,
      "max_us": 475734,
      "jitter_us": 92972.93089127356,
      "p50_us": 16714,
      "p90_us": 204866,
      "p95_us": 237311,
      "p99_us": 397439
    }
  },
  "streams": [
    {
      "stream_id": 4,
      "stream_index": 1,
      "stream_type": "Unreliable",
      "stats": {
        "sent": 1798,
        "received": 1798,
        "lost": 0,
        "loss_rate_percent": 0.0,
        "throughput": {
          "duration_sec": 29.968508,
          "packet_rate_pps": 59.996313463453035,
          "goodput_mbps": 0.4799705077076243
        },
        "latency": {
          "min_us": 22,
          "avg_us": 72049.57730812013,
          "max_us": 468901,
          "jitter_us": 92619.0837358974,
          "p50_us": 16724,
          "p90_us": 205418,
          "p95_us": 237311,
          "p99_us": 396258
        }
      }
    },
    {
      "stream_id": 11,
      "stream_index": 2,
      "stream_type": "Reliable",
      "stats": {
        "sent": 599,
        "received": 599,
        "lost": 0,
        "loss_rate_percent": 0.0,
        "throughput": {
          "duration_sec": 29.910529,
          "packet_rate_pps": 20.026392712746738,
          "goodput_mbps": 0.1602111417019739
        },
        "latency": {
          "min_us": 23,
          "avg_us": 68452.61769616026,
          "max_us": 475734,
          "jitter_us": 93975.44463482437,
          "p50_us": 7022,
          "p90_us": 202925,
          "p95_us": 237141,
          "p99_us": 400277
        }
      }
    }
  ]
}
