{
  "global": {
    "sent": 2391,
    "received": 2291,
    "lost": 100,
    "loss_rate_percent": 4.182350480970305,
    "throughput": {
      "duration_sec": 29.980804,
      "packet_rate_pps": 76.41556243788526,
      "goodput_mbps": 0.611324499503082
    },
    "latency": {
      "min_us": 14,
      "avg_us": 784.6420776953296,
      "max_us": 152690,
      "jitter_us": 7697.646347228106,
      "p50_us": 29,
      "p90_us": 98,
      "p95_us": 161,
      "p99_us": 16652
    }
  },
  "streams": [
    {
      "stream_id": 4,
      "stream_index": 1,
      "stream_type": "Unreliable",
      "stats": {
        "sent": 1793,
        "received": 1714,
        "lost": 79,
        "loss_rate_percent": 4.406023424428333,
        "throughput": {
          "duration_sec": 29.980804,
          "packet_rate_pps": 57.16991445592987,
          "goodput_mbps": 0.4573593156474389
        },
        "latency": {
          "min_us": 15,
          "avg_us": 802.9218203033839,
          "max_us": 152690,
          "jitter_us": 7854.528181960762,
          "p50_us": 30,
          "p90_us": 97,
          "p95_us": 162,
          "p99_us": 18866
        }
      }
    },
    {
      "stream_id": 11,
      "stream_index": 2,
      "stream_type": "Reliable",
      "stats": {
        "sent": 598,
        "received": 577,
        "lost": 21,
        "loss_rate_percent": 3.511705685618729,
        "throughput": {
          "duration_sec": 29.906107,
          "packet_rate_pps": 19.293718169335783,
          "goodput_mbps": 0.15434974535468626
        },
        "latency": {
          "min_us": 14,
          "avg_us": 730.3414211438475,
          "max_us": 116497,
          "jitter_us": 7211.251061452506,
          "p50_us": 29,
          "p90_us": 98,
          "p95_us": 157,
          "p99_us": 6298
        }
      }
    }
  ]
}
