{
  "global": {
    "sent": 2325,
    "received": 2256,
    "lost": 69,
    "loss_rate_percent": 2.967741935483871,
    "throughput": {
      "duration_sec": 29.580084,
      "packet_rate_pps": 76.26753189747534,
      "goodput_mbps": 0.6101402551798027
    },
    "latency": {
      "min_us": 61621,
      "avg_us": 170174.90381205673,
      "max_us": 395999,
      "jitter_us": 37547.09539106733,
      "p50_us": 166034,
      "p90_us": 208998,
      "p95_us": 226999,
      "p99_us": 318960
    }
  },
  "streams": [
    {
      "stream_id": 4,
      "stream_index": 1,
      "stream_type": "Unreliable",
      "stats": {
        "sent": 1735,
        "received": 1666,
        "lost": 69,
        "loss_rate_percent": 3.976945244956772,
        "throughput": {
          "duration_sec": 29.523323,
          "packet_rate_pps": 56.42996216923142,
          "goodput_mbps": 0.4514396973538514
        },
        "latency": {
          "min_us": 61621,
          "avg_us": 163542.91596638656,
          "max_us": 259185,
          "jitter_us": 27713.118615058294,
          "p50_us": 162666,
          "p90_us": 199663,
          "p95_us": 210333,
          "p99_us": 228827
        }
      }
    },
    {
      "stream_id": 11,
      "stream_index": 2,
      "stream_type": "Reliable",
      "stats": {
        "sent": 590,
        "received": 590,
        "lost": 0,
        "loss_rate_percent": 0.0,
        "throughput": {
          "duration_sec": 29.511246,
          "packet_rate_pps": 19.99237849869165,
          "goodput_mbps": 0.15993902798953322
        },
        "latency": {
          "min_us": 93743,
          "avg_us": 188901.83898305084,
          "max_us": 395999,
          "jitter_us": 52412.466509890044,
          "p50_us": 177041,
          "p90_us": 265003,
          "p95_us": 307469,
          "p99_us": 361999
        }
      }
    }
  ]
}
