{
  "global": {
    "sent": 2377,
    "received": 2338,
    "lost": 39,
    "loss_rate_percent": 1.6407236011779556,
    "throughput": {
      "duration_sec": 29.978529,
      "packet_rate_pps": 77.98915016810865,
      "goodput_mbps": 0.6239132013448692
    },
    "latency": {
      "min_us": 46,
      "avg_us": 2738.390504704876,
      "max_us": 52001,
      "jitter_us": 2462.5095796011733,
      "p50_us": 2666,
      "p90_us": 4080,
      "p95_us": 5003,
      "p99_us": 6822
    }
  },
  "streams": [
    {
      "stream_id": 4,
      "stream_index": 1,
      "stream_type": "Unreliable",
      "stats": {
        "sent": 1781,
        "received": 1742,
        "lost": 39,
        "loss_rate_percent": 2.18978102189781,
        "throughput": {
          "duration_sec": 29.978529,
          "packet_rate_pps": 58.10825474458736,
          "goodput_mbps": 0.46486603795669895
        },
        "latency": {
          "min_us": 46,
          "avg_us": 2499.47990815155,
          "max_us": 9651,
          "jitter_us": 1423.8965322508964,
          "p50_us": 2487,
          "p90_us": 4002,
          "p95_us": 4679,
          "p99_us": 5994
        }
      }
    },
    {
      "stream_id": 11,
      "stream_index": 2,
      "stream_type": "Reliable",
      "stats": {
        "sent": 596,
        "received": 596,
        "lost": 0,
        "loss_rate_percent": 0.0,
        "throughput": {
          "duration_sec": 29.909413,
          "packet_rate_pps": 19.926837079684578,
          "goodput_mbps": 0.15941469663747665
        },
        "latency": {
          "min_us": 51,
          "avg_us": 3436.68288590604,
          "max_us": 52001,
          "jitter_us": 4148.178904442787,
          "p50_us": 3056,
          "p90_us": 4953,
          "p95_us": 5840,
          "p99_us": 21997
        }
      }
    }
  ]
}
