{
  "global": {
    "sent": 2398,
    "received": 2359,
    "lost": 39,
    "loss_rate_percent": 1.626355296080067,
    "throughput": {
      "duration_sec": 29.983218,
      "packet_rate_pps": 78.67734544037268,
      "goodput_mbps": 0.6294187635229814
    },
    "latency": {
      "min_us": 34,
      "avg_us": 163.40949554896142,
      "max_us": 25855,
      "jitter_us": 730.6062017051521,
      "p50_us": 58,
      "p90_us": 141,
      "p95_us": 279,
      "p99_us": 2173
    }
  },
  "streams": [
    {
      "stream_id": 4,
      "stream_index": 1,
      "stream_type": "Unreliable",
      "stats": {
        "sent": 1799,
        "received": 1760,
        "lost": 39,
        "loss_rate_percent": 2.16787103946637,
        "throughput": {
          "duration_sec": 29.983218,
          "packet_rate_pps": 58.699503168739255,
          "goodput_mbps": 0.46959602534991407
        },
        "latency": {
          "min_us": 34,
          "avg_us": 127.04204545454546,
          "max_us": 5142,
          "jitter_us": 336.0332360528937,
          "p50_us": 56,
          "p90_us": 135,
          "p95_us": 245,
          "p99_us": 1849
        }
      }
    },
    {
      "stream_id": 11,
      "stream_index": 2,
      "stream_type": "Reliable",
      "stats": {
        "sent": 599,
        "received": 599,
        "lost": 0,
        "loss_rate_percent": 0.0,
        "throughput": {
          "duration_sec": 29.903128,
          "packet_rate_pps": 20.031349228749583,
          "goodput_mbps": 0.16025079382999666
        },
        "latency": {
          "min_us": 39,
          "avg_us": 270.2654424040067,
          "max_us": 25855,
          "jitter_us": 1324.7964412224073,
          "p50_us": 65,
          "p90_us": 151,
          "p95_us": 999,
          "p99_us": 4150
        }
      }
    }
  ]
}
