{
  "global": {
    "sent": 2391,
    "received": 2391,
    "lost": 0,
    "loss_rate_percent": 0.0,
    "throughput": {
      "duration_sec": 29.886572,
      "packet_rate_pps": 80.0024840587271,
      "goodput_mbps": 0.6400198724698168
    },
    "latency": {
      "min_us": 23,
      "avg_us": 38230.077373483895,
      "max_us": 459171,
      "jitter_us": 73141.42849170406,
      "p50_us": 6606,
      "p90_us": 155790,
      "p95_us": 200750,
      "p99_us": 339091
    }
  },
  "streams": [
    {
      "stream_id": 4,
      "stream_index": 1,
      "stream_type": "Unreliable",
      "stats": {
        "sent": 1793,
        "received": 1793,
        "lost": 0,
        "loss_rate_percent": 0.0,
        "throughput": {
          "duration_sec": 29.879583,
          "packet_rate_pps": 60.00753089492581,
          "goodput_mbps": 0.4800602471594065
        },
        "latency": {
          "min_us": 23,
          "avg_us": 38975.06023424428,
          "max_us": 459171,
          "jitter_us": 73277.50498115343,
          "p50_us": 7355,
          "p90_us": 155790,
          "p95_us": 200750,
          "p99_us": 332865
        }
      }
    },
    {
      "stream_id": 11,
      "stream_index": 2,
      "stream_type": "Reliable",
      "stats": {
        "sent": 598,
        "received": 598,
        "lost": 0,
        "loss_rate_percent": 0.0,
        "throughput": {
          "duration_sec": 29.853253,
          "packet_rate_pps": 20.03131786006704,
          "goodput_mbps": 0.16025054288053633
        },
        "latency": {
          "min_us": 24,
          "avg_us": 35996.3745819398,
          "max_us": 449093,
          "jitter_us": 72686.14625910606,
          "p50_us": 976,
          "p90_us": 153510,
          "p95_us": 199098,
          "p99_us": 339091
        }
      }
    }
  ]
}
