{
  "global": {
    "sent": 2387,
    "received": 2383,
    "lost": 4,
    "loss_rate_percent": 0.1675743611227482,
    "throughput": {
      "duration_sec": 29.82044,
      "packet_rate_pps": 79.9116310825729,
      "goodput_mbps": 0.6392930486605831
    },
    "latency": {
      "min_us": 38494,
      "avg_us": 63095.280738564834,
      "max_us": 164002,
      "jitter_us": 7718.327369772889,
      "p50_us": 62827,
      "p90_us": 72471,
      "p95_us": 75231,
      "p99_us": 80326
    }
  },
  "streams": [
    {
      "stream_id": 4,
      "stream_index": 1,
      "stream_type": "Unreliable",
      "stats": {
        "sent": 1789,
        "received": 1785,
        "lost": 4,
        "loss_rate_percent": 0.22358859698155395,
        "throughput": {
          "duration_sec": 29.795046,
          "packet_rate_pps": 59.90928827564153,
          "goodput_mbps": 0.47927430620513223
        },
        "latency": {
          "min_us": 42630,
          "avg_us": 62937.91428571429,
          "max_us": 85918,
          "jitter_us": 7134.937371103668,
          "p50_us": 62842,
          "p90_us": 72041,
          "p95_us": 74645,
          "p99_us": 79877
        }
      }
    },
    {
      "stream_id": 11,
      "stream_index": 2,
      "stream_type": "Reliable",
      "stats": {
        "sent": 598,
        "received": 598,
        "lost": 0,
        "loss_rate_percent": 0.0,
        "throughput": {
          "duration_sec": 29.786732,
          "packet_rate_pps": 20.076052653241717,
          "goodput_mbps": 0.16060842122593375
        },
        "latency": {
          "min_us": 38494,
          "avg_us": 63565.01170568562,
          "max_us": 164002,
          "jitter_us": 9227.314625548413,
          "p50_us": 62726,
          "p90_us": 73666,
          "p95_us": 76162,
          "p99_us": 80752
        }
      }
    }
  ]
}
