{
  "global": {
    "sent": 2374,
    "received": 2371,
    "lost": 3,
    "loss_rate_percent": 0.12636899747262004,
    "throughput": {
      "duration_sec": 29.775477,
      "packet_rate_pps": 79.62928687926646,
      "goodput_mbps": 0.6370342950341316
    },
    "latency": {
      "min_us": 40300,
      "avg_us": 62990.15942640236,
      "max_us": 160997,
      "jitter_us": 8222.775844127422,
      "p50_us": 62944,
      "p90_us": 72217,
      "p95_us": 74726,
      "p99_us": 80258
    }
  },
  "streams": [
    {
      "stream_id": 4,
      "stream_index": 1,
      "stream_type": "Unreliable",
      "stats": {
        "sent": 1777,
        "received": 1774,
        "lost": 3,
        "loss_rate_percent": 0.16882386043894204,
        "throughput": {
          "duration_sec": 29.770749,
          "packet_rate_pps": 59.58869224284549,
          "goodput_mbps": 0.4767095379427639
        },
        "latency": {
          "min_us": 40300,
          "avg_us": 62595.51691093574,
          "max_us": 84425,
          "jitter_us": 7260.791152218895,
          "p50_us": 62585,
          "p90_us": 71860,
          "p95_us": 74415,
          "p99_us": 79560
        }
      }
    },
    {
      "stream_id": 11,
      "stream_index": 2,
      "stream_type": "Reliable",
      "stats": {
        "sent": 597,
        "received": 597,
        "lost": 0,
        "loss_rate_percent": 0.0,
        "throughput": {
          "duration_sec": 29.751278,
          "packet_rate_pps": 20.06636488019103,
          "goodput_mbps": 0.16053091904152822
        },
        "latency": {
          "min_us": 43323,
          "avg_us": 64162.849246231155,
          "max_us": 160997,
          "jitter_us": 10489.841121668278,
          "p50_us": 63783,
          "p90_us": 73259,
          "p95_us": 76080,
          "p99_us": 89254
        }
      }
    }
  ]
}
