{
  "global": {
    "sent": 2387,
    "received": 2387,
    "lost": 0,
    "loss_rate_percent": 0.0,
    "throughput": {
      "duration_sec": 29.86539,
      "packet_rate_pps": 79.92529144940012,
      "goodput_mbps": 0.639402331595201
    },
    "latency": {
      "min_us": 59960,
      "avg_us": 152088.66066191872,
      "max_us": 400892,
      "jitter_us": 27367.899205188864,
      "p50_us": 150745,
      "p90_us": 180492,
      "p95_us": 187605,
      "p99_us": 215578
    }
  },
  "streams": [
    {
      "stream_id": 4,
      "stream_index": 1,
      "stream_type": "Unreliable",
      "stats": {
        "sent": 1790,
        "received": 1790,
        "lost": 0,
        "loss_rate_percent": 0.0,
        "throughput": {
          "duration_sec": 29.86539,
          "packet_rate_pps": 59.93559769351748,
          "goodput_mbps": 0.47948478154813984
        },
        "latency": {
          "min_us": 59960,
          "avg_us": 152578.1,
          "max_us": 400892,
          "jitter_us": 27441.605838672844,
          "p50_us": 150677,
          "p90_us": 180817,
          "p95_us": 188262,
          "p99_us": 217569
        }
      }
    },
    {
      "stream_id": 11,
      "stream_index": 2,
      "stream_type": "Reliable",
      "stats": {
        "sent": 597,
        "received": 597,
        "lost": 0,
        "loss_rate_percent": 0.0,
        "throughput": {
          "duration_sec": 29.811309,
          "packet_rate_pps": 20.025957263399604,
          "goodput_mbps": 0.16020765810719684
        },
        "latency": {
          "min_us": 88964,
          "avg_us": 150621.16247906198,
          "max_us": 386004,
          "jitter_us": 27092.75547493936,
          "p50_us": 150745,
          "p90_us": 179499,
          "p95_us": 186424,
          "p99_us": 205793
        }
      }
    }
  ]
}
