{
  "global": {
    "sent": 2387,
    "received": 2387,
    "lost": 0,
    "loss_rate_percent": 0.0,
    "throughput": {
      "duration_sec": 29.89769,
      "packet_rate_pps": 79.83894407895727,
      "goodput_mbps": 0.6387115526316581
    },
    "latency": {
      "min_us": 51383,
      "avg_us": 150477.68914956012,
      "max_us": 208471,
      "jitter_us": 21555.788545218646,
      "p50_us": 150079,
      "p90_us": 179092,
      "p95_us": 185495,
      "p99_us": 196260
    }
  },
  "streams": [
    {
      "stream_id": 4,
      "stream_index": 1,
      "stream_type": "Unreliable",
      "stats": {
        "sent": 1790,
        "received": 1790,
        "lost": 0,
        "loss_rate_percent": 0.0,
        "throughput": {
          "duration_sec": 29.89769,
          "packet_rate_pps": 59.870846209188734,
          "goodput_mbps": 0.4789667696735099
        },
        "latency": {
          "min_us": 51383,
          "avg_us": 150542.09217877095,
          "max_us": 208471,
          "jitter_us": 21445.108896326514,
          "p50_us": 150084,
          "p90_us": 178944,
          "p95_us": 185605,
          "p99_us": 195088
        }
      }
    },
    {
      "stream_id": 11,
      "stream_index": 2,
      "stream_type": "Reliable",
      "stats": {
        "sent": 597,
        "received": 597,
        "lost": 0,
        "loss_rate_percent": 0.0,
        "throughput": {
          "duration_sec": 29.841349,
          "packet_rate_pps": 20.005797995258188,
          "goodput_mbps": 0.16004638396206552
        },
        "latency": {
          "min_us": 57723,
          "avg_us": 150284.58793969848,
          "max_us": 206099,
          "jitter_us": 21883.150962585616,
          "p50_us": 149800,
          "p90_us": 179096,
          "p95_us": 185113,
          "p99_us": 197316
        }
      }
    }
  ]
}
