{
  "global": {
    "sent": 2313,
    "received": 2235,
    "lost": 78,
    "loss_rate_percent": 3.372243839169909,
    "throughput": {
      "duration_sec": 29.454463,
      "packet_rate_pps": 75.87984204634795,
      "goodput_mbps": 0.6070387363707836
    },
    "latency": {
      "min_us": 74087,
      "avg_us": 171571.28903803133,
      "max_us": 473616,
      "jitter_us": 41563.493493906666,
      "p50_us": 167000,
      "p90_us": 209526,
      "p95_us": 232002,
      "p99_us": 347002
    }
  },
  "streams": [
    {
      "stream_id": 4,
      "stream_index": 1,
      "stream_type": "Unreliable",
      "stats": {
        "sent": 1725,
        "received": 1647,
        "lost": 78,
        "loss_rate_percent": 4.521739130434783,
        "throughput": {
          "duration_sec": 29.454453,
          "packet_rate_pps": 55.916842183421295,
          "goodput_mbps": 0.4473347374673704
        },
        "latency": {
          "min_us": 74087,
          "avg_us": 164053.299332119,
          "max_us": 246585,
          "jitter_us": 27628.35938280533,
          "p50_us": 163709,
          "p90_us": 199151,
          "p95_us": 210664,
          "p99_us": 229229
        }
      }
    },
    {
      "stream_id": 11,
      "stream_index": 2,
      "stream_type": "Reliable",
      "stats": {
        "sent": 588,
        "received": 588,
        "lost": 0,
        "loss_rate_percent": 0.0,
        "throughput": {
          "duration_sec": 29.41674,
          "packet_rate_pps": 19.988618725256433,
          "goodput_mbps": 0.15990894980205148
        },
        "latency": {
          "min_us": 81003,
          "avg_us": 192629.33163265305,
          "max_us": 473616,
          "jitter_us": 61858.76056916776,
          "p50_us": 175999,
          "p90_us": 289314,
          "p95_us": 331997,
          "p99_us": 402170
        }
      }
    }
  ]
}
