{
  "global": {
    "sent": 2387,
    "received": 2327,
    "lost": 60,
    "loss_rate_percent": 2.5136154168412235,
    "throughput": {
      "duration_sec": 29.801739,
      "packet_rate_pps": 78.08269175164577,
      "goodput_mbps": 0.6246615340131662
    },
    "latency": {
      "min_us": 65184,
      "avg_us": 163471.14868929953,
      "max_us": 367990,
      "jitter_us": 33846.0806563812,
      "p50_us": 160997,
      "p90_us": 201337,
      "p95_us": 212668,
      "p99_us": 286409
    }
  },
  "streams": [
    {
      "stream_id": 4,
      "stream_index": 1,
      "stream_type": "Unreliable",
      "stats": {
        "sent": 1789,
        "received": 1729,
        "lost": 60,
        "loss_rate_percent": 3.3538289547233093,
        "throughput": {
          "duration_sec": 29.801739,
          "packet_rate_pps": 58.016748619937914,
          "goodput_mbps": 0.46413398895950336
        },
        "latency": {
          "min_us": 65184,
          "avg_us": 160293.44418739155,
          "max_us": 252122,
          "jitter_us": 28360.073479390514,
          "p50_us": 159860,
          "p90_us": 197223,
          "p95_us": 207131,
          "p99_us": 223776
        }
      }
    },
    {
      "stream_id": 11,
      "stream_index": 2,
      "stream_type": "Reliable",
      "stats": {
        "sent": 598,
        "received": 598,
        "lost": 0,
        "loss_rate_percent": 0.0,
        "throughput": {
          "duration_sec": 29.617075,
          "packet_rate_pps": 20.191055328725067,
          "goodput_mbps": 0.16152844262980054
        },
        "latency": {
          "min_us": 90075,
          "avg_us": 172658.85953177258,
          "max_us": 367990,
          "jitter_us": 44929.31883071797,
          "p50_us": 163336,
          "p90_us": 217547,
          "p95_us": 266842,
          "p99_us": 336405
        }
      }
    }
  ]
}
