{
  "global": {
    "sent": 2392,
    "received": 2386,
    "lost": 6,
    "loss_rate_percent": 0.2508361204013378,
    "throughput": {
      "duration_sec": 29.892136,
      "packet_rate_pps": 79.82032464993469,
      "goodput_mbps": 0.6385625971994775
    },
    "latency": {
      "min_us": 38380,
      "avg_us": 59967.018021793796,
      "max_us": 85324,
      "jitter_us": 7174.296424529585,
      "p50_us": 59947,
      "p90_us": 69175,
      "p95_us": 71645,
      "p99_us": 76126
    }
  },
  "streams": [
    {
      "stream_id": 4,
      "stream_index": 1,
      "stream_type": "Unreliable",
      "stats": {
        "sent": 1794,
        "received": 1790,
        "lost": 4,
        "loss_rate_percent": 0.2229654403567447,
        "throughput": {
          "duration_sec": 29.892136,
          "packet_rate_pps": 59.88197029479593,
          "goodput_mbps": 0.47905576235836744
        },
        "latency": {
          "min_us": 38380,
          "avg_us": 59963.16089385475,
          "max_us": 85324,
          "jitter_us": 7096.872180802571,
          "p50_us": 59902,
          "p90_us": 69061,
          "p95_us": 71363,
          "p99_us": 76306
        }
      }
    },
    {
      "stream_id": 11,
      "stream_index": 2,
      "stream_type": "Reliable",
      "stats": {
        "sent": 598,
        "received": 596,
        "lost": 2,
        "loss_rate_percent": 0.33444816053511706,
        "throughput": {
          "duration_sec": 29.846851,
          "packet_rate_pps": 19.968605733315048,
          "goodput_mbps": 0.15974884586652038
        },
        "latency": {
          "min_us": 38798,
          "avg_us": 59978.602348993285,
          "max_us": 80949,
          "jitter_us": 7401.949841152269,
          "p50_us": 60065,
          "p90_us": 69549,
          "p95_us": 72060,
          "p99_us": 75950
        }
      }
    }
  ]
}
