{
  "global": {
    "sent": 2398,
    "received": 2348,
    "lost": 50,
    "loss_rate_percent": 2.0850708924103416,
    "throughput": {
      "duration_sec": 29.97004,
      "packet_rate_pps": 78.34490711390441,
      "goodput_mbps": 0.6267592569112354
    },
    "latency": {
      "min_us": 14,
      "avg_us": 37.181005110732535,
      "max_us": 3577,
      "jitter_us": 138.64385464078148,
      "p50_us": 23,
      "p90_us": 32,
      "p95_us": 40,
      "p99_us": 257
    }
  },
  "streams": [
    {
      "stream_id": 4,
      "stream_index": 1,
      "stream_type": "Unreliable",
      "stats": {
        "sent": 1799,
        "received": 1757,
        "lost": 42,
        "loss_rate_percent": 2.3346303501945527,
        "throughput": {
          "duration_sec": 29.97004,
          "packet_rate_pps": 58.62521371342847,
          "goodput_mbps": 0.4690017097074278
        },
        "latency": {
          "min_us": 14,
          "avg_us": 38.265793966989186,
          "max_us": 3577,
          "jitter_us": 139.80896974712144,
          "p50_us": 23,
          "p90_us": 32,
          "p95_us": 39,
          "p99_us": 303
        }
      }
    },
    {
      "stream_id": 11,
      "stream_index": 2,
      "stream_type": "Reliable",
      "stats": {
        "sent": 599,
        "received": 591,
        "lost": 8,
        "loss_rate_percent": 1.335559265442404,
        "throughput": {
          "duration_sec": 29.900777,
          "packet_rate_pps": 19.765372652356156,
          "goodput_mbps": 0.15812298121884927
        },
        "latency": {
          "min_us": 14,
          "avg_us": 33.95600676818951,
          "max_us": 3166,
          "jitter_us": 135.06929258953036,
          "p50_us": 24,
          "p90_us": 33,
          "p95_us": 41,
          "p99_us": 95
        }
      }
    }
  ]
}
