{
  "global": {
    "sent": 2377,
    "received": 2377,
    "lost": 0,
    "loss_rate_percent": 0.0,
    "throughput": {
      "duration_sec": 29.716755,
      "packet_rate_pps": 79.98854518267557,
      "goodput_mbps": 0.6399083614614045
    },
    "latency": {
      "min_us": 57568,
      "avg_us": 103419.64114429953,
      "max_us": 226993,
      "jitter_us": 14645.920096204503,
      "p50_us": 102988,
      "p90_us": 121880,
      "p95_us": 127827,
      "p99_us": 136148
    }
  },
  "streams": [
    {
      "stream_id": 4,
      "stream_index": 1,
      "stream_type": "Unreliable",
      "stats": {
        "sent": 1781,
        "received": 1781,
        "lost": 0,
        "loss_rate_percent": 0.0,
        "throughput": {
          "duration_sec": 29.672139,
          "packet_rate_pps": 60.02263604925819,
          "goodput_mbps": 0.48018108839406554
        },
        "latency": {
          "min_us": 57568,
          "avg_us": 102517.00561482314,
          "max_us": 150456,
          "jitter_us": 14185.564964502637,
          "p50_us": 102243,
          "p90_us": 121145,
          "p95_us": 126810,
          "p99_us": 135192
        }
      }
    },
    {
      "stream_id": 11,
      "stream_index": 2,
      "stream_type": "Reliable",
      "stats": {
        "sent": 596,
        "received": 596,
        "lost": 0,
        "loss_rate_percent": 0.0,
        "throughput": {
          "duration_sec": 29.635534,
          "packet_rate_pps": 20.11099243226054,
          "goodput_mbps": 0.16088793945808433
        },
        "latency": {
          "min_us": 63036,
          "avg_us": 106116.94630872483,
          "max_us": 226993,
          "jitter_us": 15635.060456239738,
          "p50_us": 105664,
          "p90_us": 124365,
          "p95_us": 128897,
          "p99_us": 144514
        }
      }
    }
  ]
}
