{
  "global": {
    "sent": 2373,
    "received": 2373,
    "lost": 0,
    "loss_rate_percent": 0.0,
    "throughput": {
      "duration_sec": 29.754314,
      "packet_rate_pps": 79.7531410067125,
      "goodput_mbps": 0.6380251280537
    },
    "latency": {
      "min_us": 111926,
      "avg_us": 249561.38516645596,
      "max_us": 344661,
      "jitter_us": 35052.98718537072,
      "p50_us": 249345,
      "p90_us": 296118,
      "p95_us": 309377,
      "p99_us": 326479
    }
  },
  "streams": [
    {
      "stream_id": 4,
      "stream_index": 1,
      "stream_type": "Unreliable",
      "stats": {
        "sent": 1779,
        "received": 1779,
        "lost": 0,
        "loss_rate_percent": 0.0,
        "throughput": {
          "duration_sec": 29.754313,
          "packet_rate_pps": 59.78965133558957,
          "goodput_mbps": 0.47831721068471655
        },
        "latency": {
          "min_us": 111926,
          "avg_us": 249635.7689713322,
          "max_us": 344661,
          "jitter_us": 35167.45205454926,
          "p50_us": 249291,
          "p90_us": 297335,
          "p95_us": 309238,
          "p99_us": 326479
        }
      }
    },
    {
      "stream_id": 11,
      "stream_index": 2,
      "stream_type": "Reliable",
      "stats": {
        "sent": 594,
        "received": 594,
        "lost": 0,
        "loss_rate_percent": 0.0,
        "throughput": {
          "duration_sec": 29.669745,
          "packet_rate_pps": 20.020394512996322,
          "goodput_mbps": 0.16016315610397056
        },
        "latency": {
          "min_us": 166601,
          "avg_us": 249338.60942760942,
          "max_us": 344604,
          "jitter_us": 34706.958744928954,
          "p50_us": 249350,
          "p90_us": 294076,
          "p95_us": 310016,
          "p99_us": 324444
        }
      }
    }
  ]
}
