{
  "global": {
    "sent": 2379,
    "received": 2379,
    "lost": 0,
    "loss_rate_percent": 0.0,
    "throughput": {
      "duration_sec": 29.809333,
      "packet_rate_pps": 79.80722010787696,
      "goodput_mbps": 0.6384577608630156
    },
    "latency": {
      "min_us": 37174,
      "avg_us": 62102.14165615805,
      "max_us": 118510,
      "jitter_us": 7157.514795897655,
      "p50_us": 62184,
      "p90_us": 71172,
      "p95_us": 73480,
      "p99_us": 78311
    }
  },
  "streams": [
    {
      "stream_id": 4,
      "stream_index": 1,
      "stream_type": "Unreliable",
      "stats": {
        "sent": 1782,
        "received": 1782,
        "lost": 0,
        "loss_rate_percent": 0.0,
        "throughput": {
          "duration_sec": 29.785994,
          "packet_rate_pps": 59.82677630298321,
          "goodput_mbps": 0.47861421042386565
        },
        "latency": {
          "min_us": 37174,
          "avg_us": 61723.44837261504,
          "max_us": 90921,
          "jitter_us": 6929.97029600065,
          "p50_us": 61976,
          "p90_us": 70551,
          "p95_us": 72555,
          "p99_us": 77465
        }
      }
    },
    {
      "stream_id": 11,
      "stream_index": 2,
      "stream_type": "Reliable",
      "stats": {
        "sent": 597,
        "received": 597,
        "lost": 0,
        "loss_rate_percent": 0.0,
        "throughput": {
          "duration_sec": 29.789333,
          "packet_rate_pps": 20.040730687054996,
          "goodput_mbps": 0.16032584549643994
        },
        "latency": {
          "min_us": 40999,
          "avg_us": 63232.51256281407,
          "max_us": 118510,
          "jitter_us": 7687.163357028903,
          "p50_us": 63197,
          "p90_us": 73147,
          "p95_us": 75373,
          "p99_us": 78831
        }
      }
    }
  ]
}
