{
  "global": {
    "sent": 2389,
    "received": 2389,
    "lost": 0,
    "loss_rate_percent": 0.0,
    "throughput": {
      "duration_sec": 29.86985,
      "packet_rate_pps": 79.98031459816504,
      "goodput_mbps": 0.6398425167853203
    },
    "latency": {
      "min_us": 37125,
      "avg_us": 89588.10339053998,
      "max_us": 352074,
      "jitter_us": 43742.82611072331,
      "p50_us": 72098,
      "p90_us": 147258,
      "p95_us": 182286,
      "p99_us": 249750
    }
  },
  "streams": [
    {
      "stream_id": 4,
      "stream_index": 1,
      "stream_type": "Unreliable",
      "stats": {
        "sent": 1791,
        "received": 1791,
        "lost": 0,
        "loss_rate_percent": 0.0,
        "throughput": {
          "duration_sec": 29.869841,
          "packet_rate_pps": 59.96014508413352,
          "goodput_mbps": 0.4796811606730682
        },
        "latency": {
          "min_us": 37414,
          "avg_us": 85924.23897264099,
          "max_us": 278353,
          "jitter_us": 38282.84110726164,
          "p50_us": 71515,
          "p90_us": 136984,
          "p95_us": 165653,
          "p99_us": 234574
        }
      }
    },
    {
      "stream_id": 11,
      "stream_index": 2,
      "stream_type": "Reliable",
      "stats": {
        "sent": 598,
        "received": 598,
        "lost": 0,
        "loss_rate_percent": 0.0,
        "throughput": {
          "duration_sec": 29.806463,
          "packet_rate_pps": 20.06276289810032,
          "goodput_mbps": 0.16050210318480257
        },
        "latency": {
          "min_us": 37125,
          "avg_us": 100561.3160535117,
          "max_us": 352074,
          "jitter_us": 55625.07556366693,
          "p50_us": 75496,
          "p90_us": 180534,
          "p95_us": 214025,
          "p99_us": 302081
        }
      }
    }
  ]
}
